13 TRIATHLON SPRINT PIASCO E GIOVANILI | 24-05-2026 | Piasco (Cuneo) | Piemonte | 13 TRIATHLON SPRINT PIASCO | https://www.myfitri.it/calendario/evento/113941
13° Triathlon Sprint del Lago di Chiusi 2026 | 05-07-2026 | Siena (Siena) | Toscana | 13° Triathlon Sprint del Lago di Chiusi 2026 | https://www.myfitri.it/calendario/evento/113944
13°IRON TOUR CROSS - TRIATHLON OFF-ROAD A TAPPE-ISOLA D'ELBA | 02-05-2026 | Capoliveri (Livorno) | Toscana | 2^Tappa/02 Maggio/Triathlon Sprint Cross/Lacona di Capoliveri | https://www.myfitri.it/calendario/evento/113920
13°IRON TOUR CROSS - TRIATHLON OFF-ROAD A TAPPE-ISOLA D'ELBA | 03-05-2026 | Capoliveri (Livorno) | Toscana | 3^Tappa/03 Maggio/Triathlon Sprint Cross/Lido di Capoliveri | https://www.myfitri.it/calendario/evento/113920
15 Duathlon Città di Vigevano | 12-04-2026 | Vigevano (Pavia) | Lombardia | 15° DUATHLON CITTA' DI VIGEVANO | https://www.myfitri.it/calendario/evento/113814
16° ARONAMEN KM 112.9 | 26-07-2026 | Arona (Novara) | Piemonte | 16° ARONAMEN KM112.9 | https://www.myfitri.it/calendario/evento/113926
17° Terrible Triathlon IDROMAN | 21-06-2026 | Idro (Brescia) | Lombardia | Triathlon Olimpico IDROMAN | https://www.myfitri.it/calendario/evento/113916
17° Terrible Triathlon IDROMAN | 21-06-2026 | Idro (Brescia) | Lombardia | Triathlon Sprint IDROMAN | https://www.myfitri.it/calendario/evento/113916
17° Terrible Triathlon IDROMAN | 21-06-2026 | Idro (Brescia) | Lombardia | Triathlon Terrible IDROMAN - medio | https://www.myfitri.it/calendario/evento/113916
19° TRIATHLON SAN VITO LO CAPO - MEMORIAL ROBERTO MICELI | 17-10-2026 | San Vito Lo Capo (Trapani) | Sicilia | 19° TRIATHLON KIDS-YOUTH SAN VITO LO CAPO - MEMORIAL ROBERTO MICELI | https://www.myfitri.it/calendario/evento/113924
19° TRIATHLON SAN VITO LO CAPO - MEMORIAL ROBERTO MICELI | 18-10-2026 | San Vito Lo Capo (Trapani) | Sicilia | 19° Triathlon San Vito Lo Capo - Memorial Roberto Miceli | https://www.myfitri.it/calendario/evento/113924
1° COPPA S. AGATA DUATHLON SUPER SPRINT | 01-02-2026 | Catania (Catania) | Sicilia | Duathlon Super Sprint | https://www.myfitri.it/calendario/evento/113831
1° Como City Triathlon | 19-07-2026 | Como (Como) | Lombardia | 1° Como City Triathlon | https://www.myfitri.it/calendario/evento/113951
1° DUATHLON DELLA LUNIGIANA | 29-03-2026 | Aulla (Massa) | Toscana | 1° DUATHLON DELLA LUNIGIANA | https://www.myfitri.it/calendario/evento/113827
1° DUATHLON SPRINT DI OSTIA "EGIDIO E FRANCESCO" | 15-03-2026 | Roma (Roma) | Lazio | 1° DUATHLON SPRINT DI OSTIA | https://www.myfitri.it/calendario/evento/113818
1° WINTER TRIATHLON MONTE BONDONE | 22-02-2026 | Trento (Trento) | Trentino-Alto Adige/Südtirol | 1° WINTER TRIATHLON MONTE BONDONE - Giovani | https://www.myfitri.it/calendario/evento/113842
1° WINTER TRIATHLON MONTE BONDONE | 22-02-2026 | Trento (Trento) | Trentino-Alto Adige/Südtirol | 1° Winter Triathlon Monte Bondone- Circuito Winter T. | https://www.myfitri.it/calendario/evento/113842
2026 World Triathlon Mediterranean Championships Taranto | 01-09-2026 | Taranto (Taranto) | Puglia | 2026 World Triathlon Mediterranean Championships Taranto Mixed Relay | https://www.myfitri.it/calendario/evento/113962
2026 World Triathlon Mediterranean Championships Taranto | 28-08-2026 | Taranto (Taranto) | Puglia | 2026 World Triathlon Mediterranean Championships Taranto Sprint | https://www.myfitri.it/calendario/evento/113962
2026 World Triathlon Winter Championships Padola | 01-03-2026 | Comelico Superiore (Belluno) | Veneto | 2026 World Triathlon Winter Championships Padola - 2x2 Mixed Relay | https://www.myfitri.it/calendario/evento/113844
2026 World Triathlon Winter Championships Padola | 01-03-2026 | Comelico Superiore (Belluno) | Veneto | 2026 World Triathlon Winter Championships Padola - Age Group - standard | https://www.myfitri.it/calendario/evento/113844
2026 World Triathlon Winter Championships Padola | 01-03-2026 | Comelico Superiore (Belluno) | Veneto | Winter Triathlon Promozionale Kids | https://www.myfitri.it/calendario/evento/113844
2026 World Triathlon Winter Championships Padola | 28-02-2026 | Comelico Superiore (Belluno) | Veneto | 2026 World Triathlon Winter Championships Padola - Elite/U23 - standard | https://www.myfitri.it/calendario/evento/113844
2026 World Triathlon Winter Championships Padola | 28-02-2026 | Comelico Superiore (Belluno) | Veneto | 2026 World Triathlon Winter Championships Padola - Junior - Sprint | https://www.myfitri.it/calendario/evento/113844
2026 World Triathlon Winter Duathlon Championships Padola | 27-02-2026 | Comelico Superiore (Belluno) | Veneto | World Triathlon Winter Duathlon Championships Padola - Elite/U23 Winter Duathlon – Sprint | https://www.myfitri.it/calendario/evento/113963
2026 World Triathlon Winter Duathlon Championships Padola | 27-02-2026 | Comelico Superiore (Belluno) | Veneto | World Triathlon Winter Duathlon Championships Padola - Junior Winter Duathlon – Sprint | https://www.myfitri.it/calendario/evento/113963
2026 World Triathlon Winter Duathlon Championships Padola | 28-02-2026 | Comelico Superiore (Belluno) | Veneto | World Triathlon Winter Duathlon Championships Padola - Age Group Winter Duathlon – Sprint | https://www.myfitri.it/calendario/evento/113963
22° DUATHLON SPRINT CITTA' DELLO ZAFFERANO | 29-03-2026 | San Gavino Monreale (Carbonia) | Sardegna | 22° DUATHLON CITTA' DELLO ZAFFERANO | https://www.myfitri.it/calendario/evento/113832
22° DUATHLON SPRINT CITTA' DELLO ZAFFERANO | 29-03-2026 | San Gavino Monreale (Carbonia) | Sardegna | 22° DUATHLON SPRINT CITTA' DELLO ZAFFERANO | https://www.myfitri.it/calendario/evento/113832
22° Duathlon Kids Conad | 29-03-2026 | Parma (Parma) | Emilia-Romagna | 22° Duathlon Kids Conad | https://www.myfitri.it/calendario/evento/113810
23° Triathlon Olimpico Città di Pietra Ligure | 06-06-2026 | Pietra Ligure (Savona) | Liguria | 23° Triathlon Olimpico Città di Pietra Ligure | https://www.myfitri.it/calendario/evento/113908
24° TRIATHLON SPRINT CITTA' DI CHIOGGIA 2026 | 13-09-2026 | Chioggia (Venezia) | Veneto | 24° TRIATHLON SPRINT CHIOGGIA 2026 | https://www.myfitri.it/calendario/evento/113928
25° Triathlon Sprint Lecco City | 05-07-2026 | Lecco (Lecco) | Lombardia | 25° Triathlon Sprint Lecco City | https://www.myfitri.it/calendario/evento/113918
2° TRIATHLON CRONO TAVERNOLA | 13-06-2026 | Tavernola Bergamasca (Bergamo) | Lombardia | 2° TRIATHLON CRONO TAVERNOLA FEMMINILE | https://www.myfitri.it/calendario/evento/113909
2° TRIATHLON CRONO TAVERNOLA | 13-06-2026 | Tavernola Bergamasca (Bergamo) | Lombardia | 2° TRIATHLON CRONO TAVERNOLA MASCHILE | https://www.myfitri.it/calendario/evento/113909
2° TRIATHLON FUTURE STARS - TOSCOLANO MADERNO | 06-09-2026 | Toscolano-Maderno (Brescia) | Lombardia | 2° Triathlon Future Stars Toscolano Maderno | https://www.myfitri.it/calendario/evento/113870
2° Triathlon Kids Palazzolo | 06-09-2026 | Palazzolo sull'Oglio (Brescia) | Lombardia | 2° Triathlon Kids Palazzolo | https://www.myfitri.it/calendario/evento/113874
2° Triathlon Sprint Altopiano Pinè | 23-08-2026 | Bedollo (Trento) | Trentino-Alto Adige/Südtirol | 2° Triathlon Sprint Altopiano Pinè | https://www.myfitri.it/calendario/evento/113943
2° Triathlon Sprint Città di Rivalta di Torino - Memorial don Aldo Rabino | 13-09-2026 | Rivalta di Torino (Torino) | Piemonte | 2° Triathlon Sprint Città di Rivalta di Torino - Memorial don Aldo Rabino | https://www.myfitri.it/calendario/evento/113960
2°Triathlon Sprint Pusiano Lake | 31-05-2026 | Pusiano (Como) | Lombardia | 2°Triathlon Sprint Pusiano Lake | https://www.myfitri.it/calendario/evento/113919
32° Triathlon di Andora | 19-04-2026 | Andora (Savona) | Liguria | Triathlon di Andora - distanza Olimpica | https://www.myfitri.it/calendario/evento/113948
32° Triathlon di Andora | 19-04-2026 | Andora (Savona) | Liguria | Triathlon di Andora - distanza Sprint | https://www.myfitri.it/calendario/evento/113948
37.Triathlon di Caldaro - olimpico | 09-05-2026 | Caldaro sulla strada del vino/Kaltern an der Weinstraße (Bolzano) | Trentino-Alto Adige/Südtirol | 37.Triathlon di Caldaro | https://www.myfitri.it/calendario/evento/113902
3° Duathlon Classico silver no draft del Litorale Pisano | 29-03-2026 | Pisa (Pisa) | Toscana | 3° Duathlon Classico silver no draft del Litorale Pisano | https://www.myfitri.it/calendario/evento/113822
3° TRIWEEK di ACCIAROLI con Triathlon Sprint Silver - Magna Grecia (Tappa Campionato Regionale) | 04-10-2026 | Pollica (Salerno) | Campania | 3° TRIWEEK di ACCIAROLI con Triathlon Sprint - Magna Grecia (Tappa Campionato Regionale) | https://www.myfitri.it/calendario/evento/113957
4° DUATHLON DEL PIAVE | 12-04-2026 | San Donà di Piave (Venezia) | Veneto | 4° DUATHLON DEL PIAVE | https://www.myfitri.it/calendario/evento/113836
4° DUATHLON GIOVANILE Sesto Fiorentino - YOUTH | 01-03-2026 | Sesto Fiorentino (Firenze) | Toscana | 4° DUATHLON GIOVANILE Sesto Fiorentino - YOUTH | https://www.myfitri.it/calendario/evento/113815
4° DUATHLON GIOVANILE Sesto Fiorentino - YOUTH | 01-03-2026 | Sesto Fiorentino (Firenze) | Toscana | 4° DUATHLON GIOVANILE Sesto Fiorentino- KIDS | https://www.myfitri.it/calendario/evento/113815
4°Triathlon Olimpico d i Colico/Como Lake | 30-08-2026 | Colico (Lecco) | Lombardia | 4°Triathlon Olimpico d i Colico/Como Lake | https://www.myfitri.it/calendario/evento/113915
5° WINTER TRIATHLON & WINTER DUATHLON PREDAZZO | 10-01-2026 | Predazzo (Trento) | Trentino-Alto Adige/Südtirol | CAMPIONATO ITALIANO WINTER DUATHLON | https://www.myfitri.it/calendario/evento/113841
5° WINTER TRIATHLON & WINTER DUATHLON PREDAZZO | 10-01-2026 | Predazzo (Trento) | Trentino-Alto Adige/Südtirol | WINTER DUATHLON GIOVANILE | https://www.myfitri.it/calendario/evento/113841
5° WINTER TRIATHLON & WINTER DUATHLON PREDAZZO | 11-01-2026 | Predazzo (Trento) | Trentino-Alto Adige/Südtirol | WINTER TRIATHLON CIRCUITO FITRI | https://www.myfitri.it/calendario/evento/113841
5° WINTER TRIATHLON & WINTER DUATHLON PREDAZZO | 11-01-2026 | Predazzo (Trento) | Trentino-Alto Adige/Südtirol | WINTER TRIATHLON GIOVANILE | https://www.myfitri.it/calendario/evento/113841
5°Triathlon Sprint  Piediluco | 02-08-2026 | Terni (Terni) | Umbria | 5° Triathlon Sprint piediluco | https://www.myfitri.it/calendario/evento/113925
6° Aquathlon della Vittorino - Memorial Aaron Bertoncini | 02-06-2026 | Piacenza (Piacenza) | Emilia-Romagna | 6° Aquathlon della Vittorino - Memorial Aaron Bertoncini | https://www.myfitri.it/calendario/evento/113858
6° TRIATHLON CITTA' DI GORIZIA | 24-05-2026 | Gorizia (Gorizia) | Friuli-Venezia Giulia | 2° Triathlon Sprint | https://www.myfitri.it/calendario/evento/113848
6° TRIATHLON CITTA' DI GORIZIA | 24-05-2026 | Gorizia (Gorizia) | Friuli-Venezia Giulia | Triathlon Giovani YA | https://www.myfitri.it/calendario/evento/113848
6° TRIATHLON CITTA' DI GORIZIA | 24-05-2026 | Gorizia (Gorizia) | Friuli-Venezia Giulia | Triathlon Kids | https://www.myfitri.it/calendario/evento/113848
6° TRIATHLON CITTA' DI GORIZIA | 24-05-2026 | Gorizia (Gorizia) | Friuli-Venezia Giulia | Triathlon SUPERSPRINT | https://www.myfitri.it/calendario/evento/113848
6° Triathlon Sprint lago di Mignano - Memorial Alessandro Repetti | 28-06-2026 | Vernasca (Piacenza) | Emilia-Romagna | 6° Triathlon Sprint lago di Mignano - Memorial Alessandro Repetti | https://www.myfitri.it/calendario/evento/113945
7° TRIATHLON SILVER CITTÀ DI EMPOLI | 19-07-2026 | Empoli (Firenze) | Toscana | 7° TRIATHLON KIDS CITTÀ DI EMPOLI | https://www.myfitri.it/calendario/evento/113927
7° TRIATHLON SILVER CITTÀ DI EMPOLI | 19-07-2026 | Empoli (Firenze) | Toscana | 7° TRIATHLON SPRINT SILVER CITTÀ DI EMPOLI | https://www.myfitri.it/calendario/evento/113927
7° TRIATHLON SILVER CITTÀ DI EMPOLI | 19-07-2026 | Empoli (Firenze) | Toscana | 7° TRIATHLON SUPER SPRINT SILVER CITTÀ DI EMPOLI | https://www.myfitri.it/calendario/evento/113927
7° Triathlon Città di Varedo | 10-05-2026 | Varedo (Monza) | Lombardia | 7° Triathlon Città di Varedo | https://www.myfitri.it/calendario/evento/113888
8 MUD DUATHLON MTB TELGATE | 01-03-2026 | Telgate (Bergamo) | Lombardia | 8° MUD DUATHLON MTB TELGATE 1° PARADUATHLON | https://www.myfitri.it/calendario/evento/113821
8 MUD DUATHLON MTB TELGATE | 01-03-2026 | Telgate (Bergamo) | Lombardia | 8° MUD DUATHLON MTB TELGATE 1° Youth | https://www.myfitri.it/calendario/evento/113821
8 MUD DUATHLON MTB TELGATE | 01-03-2026 | Telgate (Bergamo) | Lombardia | 8° MUD DUATHLON MTB TELGATE Kids | https://www.myfitri.it/calendario/evento/113821
9° Lignano “Eyof European Test Event” Triathlon Memorial Ardito | 25-04-2026 | Lignano Sabbiadoro (Udine) | Friuli-Venezia Giulia | 9° Lignano “Eyof European Test Event” Triathlon Memorial Ardito | https://www.myfitri.it/calendario/evento/113910
9° TRIATHLON SPRINT CITTA' DI SALO' | 24-05-2026 | Salò (Brescia) | Lombardia | 9° TRIATHLON SPRINT CITTA' DI SALO' | https://www.myfitri.it/calendario/evento/113862
ADRIATIC SERIES  Triathlon Sprint SILVER Grottammare (AP) | 17-05-2026 | Grottammare (Ascoli Piceno) | Marche | ADRIATIC SERIES  Triathlon Sprint SILVER Grottammare (AP) | https://www.myfitri.it/calendario/evento/113933
ADRIATIC SERIES DUATHLON SPRINT TOLENTINO | 29-03-2026 | Tolentino (Macerata) | Marche | ADRIATIC SERIES Duathlon Sprint Silver Rank di Tolentino | https://www.myfitri.it/calendario/evento/113823
ADRIATIC SERIES Triathlon Cesenatico Italia | 18-04-2026 | Cesenatico (Forlì) | Emilia-Romagna | ADRIATIC SERIES Triathlon AS75 Cesenatico Italia NO DRAFT | https://www.myfitri.it/calendario/evento/113935
ADRIATIC SERIES Triathlon Cesenatico Italia | 19-04-2026 | Cesenatico (Forlì) | Emilia-Romagna | ADRIATIC SERIES Triathlon OlimpicoCesenatico Italia | https://www.myfitri.it/calendario/evento/113935
ADRIATIC SERIES Triathlon Cesenatico Italia | 19-04-2026 | Cesenatico (Forlì) | Emilia-Romagna | ADRIATIC SERIES Triathlon Sprint Cesenatico Italia NO DRAFT | https://www.myfitri.it/calendario/evento/113935
ADRIATIC SERIES Triathlon Cupra Marittima | 25-04-2026 | Cupra Marittima (Ascoli Piceno) | Marche | ADRIATIC SERIES Triathlon AS75 NO DRAFT | https://www.myfitri.it/calendario/evento/113868
ADRIATIC SERIES Triathlon Cupra Marittima | 25-04-2026 | Cupra Marittima (Ascoli Piceno) | Marche | ADRIATIC SERIES Triathlon Sprint NO DRAFT | https://www.myfitri.it/calendario/evento/113868
ADRIATIC SERIES Triathlon Cupra Marittima | 26-04-2026 | Cupra Marittima (Ascoli Piceno) | Marche | ADRIATIC SERIES Triathlon Olimpico Cupra Marittima | https://www.myfitri.it/calendario/evento/113868
ADRIATIC SERIES Triathlon Olimpico Città di Vieste | 07-06-2026 | Vieste (Foggia) | Puglia | ADRIATIC SERIES Triathlon Olimpico  Città di Vieste | https://www.myfitri.it/calendario/evento/113876
ADRIATIC SERIES Triathlon Sprint Città di San Mauro Mare | 12-09-2026 | San Mauro Pascoli (Forlì) | Emilia-Romagna | ADRIATIC SERIES ParaTriathlon Super Sprint | https://www.myfitri.it/calendario/evento/113895
ADRIATIC SERIES Triathlon Sprint Città di San Mauro Mare | 12-09-2026 | San Mauro Pascoli (Forlì) | Emilia-Romagna | ADRIATIC SERIES Triathlon Sprint Città di San Mauro Mare | https://www.myfitri.it/calendario/evento/113895
AQUATHLON CITTA' DI PAOLA - TROFEO SAN FRANCESCO | 26-07-2026 | Paola (Cosenza) | Calabria | AQUATHLON KIDS CITTA' DI PAOLA - TROFEO SAN FRANCESCO | https://www.myfitri.it/calendario/evento/113849
AQUATHLON CITTA' DI PAOLA - TROFEO SAN FRANCESCO | 26-07-2026 | Paola (Cosenza) | Calabria | AQUATHLON YOUTH CITTA' DI PAOLA - TROFEO SAN FRANCESCO | https://www.myfitri.it/calendario/evento/113849
AQUATHLON DEL CASTELLO | 14-06-2026 | Santa Marinella (Roma) | Lazio | AQUATHLON DEL CASTELLO     Giovanile | https://www.myfitri.it/calendario/evento/113846
AQUATHLON DEL CASTELLO | 14-06-2026 | Santa Marinella (Roma) | Lazio | AQUATHLON DEL CASTELLO | https://www.myfitri.it/calendario/evento/113846
AQUATHLON DEL CASTELLO | 21-06-2026 | Santa Marinella (Roma) | Lazio | AQUATHLON DEL CASTELLO     Giovanile | https://www.myfitri.it/calendario/evento/113846
AQUATHLON DELLE ALPI | 10-05-2026 | Bolzano/Bozen (Bolzano) | Trentino-Alto Adige/Südtirol | Aquathlon Delle Alpi KIDS | https://www.myfitri.it/calendario/evento/113853
AQUATHLON DELLE ALPI | 10-05-2026 | Bolzano/Bozen (Bolzano) | Trentino-Alto Adige/Südtirol | Aquathlon Delle Alpi Sprint | https://www.myfitri.it/calendario/evento/113853
AQUATHLON DELLE ALPI | 10-05-2026 | Bolzano/Bozen (Bolzano) | Trentino-Alto Adige/Südtirol | Aquathlon Delle Alpi Super Sprint | https://www.myfitri.it/calendario/evento/113853
AQUATHLON DI GIOVINAZZO | 30-08-2026 | Giovinazzo (Bari) | Puglia | AQUATHLON DI GIOVINAZZO | https://www.myfitri.it/calendario/evento/113847
ARGONAUTI TRI | 20-09-2026 | Pisticci (Matera) | Basilicata | ARGONAUTI TRI | https://www.myfitri.it/calendario/evento/113851
ASTICO DUATHLON 2026 | 29-03-2026 | Lugo di Vicenza (Vicenza) | Veneto | Astico Duathlon Kids | https://www.myfitri.it/calendario/evento/113834
ASTICO DUATHLON 2026 | 29-03-2026 | Lugo di Vicenza (Vicenza) | Veneto | Astico duathlon sprint bronze | https://www.myfitri.it/calendario/evento/113834
AVIGLIANA DIAMOND EVENT  2° AQUATHLON GIOVANILE & TRIATHLON SPRINT Avigliana - 2° Memorial Simone Di Raimondo | 19-09-2026 | Avigliana (Torino) | Piemonte | AVIGLIANA DIAMOND EVENT  2° AQUATHLON GIOVANILE & TRIATHLON SPRINT Avigliana - 2° Memorial Simone Di Raimondo | https://www.myfitri.it/calendario/evento/113855
AVIGLIANA DIAMOND EVENT  2° AQUATHLON GIOVANILE & TRIATHLON SPRINT Avigliana - 2° Memorial Simone Di Raimondo | 20-09-2026 | Avigliana (Torino) | Piemonte | AVIGLIANA DIAMOND EVENT  2° AQUATHLON GIOVANILE & TRIATHLON SPRINT Avigliana - 2° Memorial Simone Di Raimondo | https://www.myfitri.it/calendario/evento/113855
Adriatic Series Triathlon Sprint, Paratriathlon Sprint e Mixed Relay Città di San Benedetto del Tronto | 10-10-2026 | San Benedetto del Tronto (Ascoli Piceno) | Marche | Adriatic Series Paratriathlon sprint San Benedetto del Tronto | https://www.myfitri.it/calendario/evento/113864
Adriatic Series Triathlon Sprint, Paratriathlon Sprint e Mixed Relay Città di San Benedetto del Tronto | 11-10-2026 | San Benedetto del Tronto (Ascoli Piceno) | Marche | ADRIATIC SERIES Triathlon Sprint Grand Final | https://www.myfitri.it/calendario/evento/113864
Adriatic Series Triathlon Sprint, Paratriathlon Sprint e Mixed Relay Città di San Benedetto del Tronto | 11-10-2026 | San Benedetto del Tronto (Ascoli Piceno) | Marche | Adriatic Series Paratriathlon sprint Mixed Relay San Benedetto del Tronto | https://www.myfitri.it/calendario/evento/113864
BIM Triathlon | 14-06-2026 | Bellaria-Igea Marina (Rimini) | Emilia-Romagna | BIM Triathlon Olimpico | https://www.myfitri.it/calendario/evento/113861
Bracciano Paratriathlon | 25-07-2026 | Bracciano (Roma) | Lazio | Bracciano Paratriathlon IPS | https://www.myfitri.it/calendario/evento/113875
Bracciano Triathlon Sprint x edizione | 26-07-2026 | Bracciano (Roma) | Lazio | Bracciano Triathlon Sprint  x edizione | https://www.myfitri.it/calendario/evento/113899
C.I. Giovani Individuale e Mixed Relay 2+2 | 18-04-2026 | Magione (Perugia) | Umbria | C.I. Giovani Individuale Junior | https://www.myfitri.it/calendario/evento/113812
C.I. Giovani Individuale e Mixed Relay 2+2 | 18-04-2026 | Magione (Perugia) | Umbria | C.I. Giovani Individuale Youth A | https://www.myfitri.it/calendario/evento/113812
C.I. Giovani Individuale e Mixed Relay 2+2 | 18-04-2026 | Magione (Perugia) | Umbria | C.I. Giovani Individuale Youth B | https://www.myfitri.it/calendario/evento/113812
C.I. Giovani Individuale e Mixed Relay 2+2 | 18-04-2026 | Magione (Perugia) | Umbria | Duathlon Kids Cuccioli e Minicuccioli | https://www.myfitri.it/calendario/evento/113812
C.I. Giovani Individuale e Mixed Relay 2+2 | 18-04-2026 | Magione (Perugia) | Umbria | Duathlon Kids | https://www.myfitri.it/calendario/evento/113812
C.I. Giovani Individuale e Mixed Relay 2+2 | 19-04-2026 | Magione (Perugia) | Umbria | Circuito U23 Next Generation | https://www.myfitri.it/calendario/evento/113812
C.I. Giovani Individuale e Mixed Relay 2+2 | 19-04-2026 | Magione (Perugia) | Umbria | Duathlon Mixed Relay 2+2 | https://www.myfitri.it/calendario/evento/113812
C.I. Giovani Individuale e Mixed Relay 2+2 | 19-04-2026 | Magione (Perugia) | Umbria | Duathlon Sprint Age Group | https://www.myfitri.it/calendario/evento/113812
C.I. Giovani Individuale e Mixed Relay 2+2 | 19-04-2026 | Magione (Perugia) | Umbria | Duathlon Staffette Sviluppo | https://www.myfitri.it/calendario/evento/113812
C.I. Giovani Triathlon Ind/C.I. Giovani 2+2/COPPA REGIONI Jr/Youth/ COPPA REGIONI Ragazzi | 03-07-2026 | Spresiano (Treviso) | Veneto | C.I. Triathlon Giovani individuale Cat. Junior ^ | https://www.myfitri.it/calendario/evento/113872
C.I. Giovani Triathlon Ind/C.I. Giovani 2+2/COPPA REGIONI Jr/Youth/ COPPA REGIONI Ragazzi | 03-07-2026 | Spresiano (Treviso) | Veneto | Campionati Italiani Giovanili di Triathlon Individuali - Cat. YOUTH A | https://www.myfitri.it/calendario/evento/113872
C.I. Giovani Triathlon Ind/C.I. Giovani 2+2/COPPA REGIONI Jr/Youth/ COPPA REGIONI Ragazzi | 03-07-2026 | Spresiano (Treviso) | Veneto | Campionati Italiani Giovanili di Triathlon Individuali - Cat. YOUTH B | https://www.myfitri.it/calendario/evento/113872
C.I. Giovani Triathlon Ind/C.I. Giovani 2+2/COPPA REGIONI Jr/Youth/ COPPA REGIONI Ragazzi | 04-07-2026 | Spresiano (Treviso) | Veneto | C.I. Giovani  a Staffetta 2+2 junior | https://www.myfitri.it/calendario/evento/113872
C.I. Giovani Triathlon Ind/C.I. Giovani 2+2/COPPA REGIONI Jr/Youth/ COPPA REGIONI Ragazzi | 04-07-2026 | Spresiano (Treviso) | Veneto | C.I. Giovani a Staffetta 2+2 Youth | https://www.myfitri.it/calendario/evento/113872
C.I. WINTER TRIATHLON A SQUADRE | 07-02-2026 | Alagna Valsesia (Vercelli) | Piemonte | WINTER DUATHLON KIDS | https://www.myfitri.it/calendario/evento/113840
C.I. WINTER TRIATHLON A SQUADRE | 07-02-2026 | Alagna Valsesia (Vercelli) | Piemonte | WINTER DUATHLON SPRINT | https://www.myfitri.it/calendario/evento/113840
C.I. WINTER TRIATHLON A SQUADRE | 08-02-2026 | Alagna Valsesia (Vercelli) | Piemonte | C.I. WINTER TRIATHLON A SQUADRE 2x2 | https://www.myfitri.it/calendario/evento/113840
C.I. WINTER TRIATHLON A SQUADRE | 08-02-2026 | Alagna Valsesia (Vercelli) | Piemonte | WINTER TRIATHLON KIDS | https://www.myfitri.it/calendario/evento/113840
C.I. WINTER TRIATHLON A SQUADRE | 08-02-2026 | Alagna Valsesia (Vercelli) | Piemonte | WINTER TRIATHLON SPRINT | https://www.myfitri.it/calendario/evento/113840
CAMPIONATI ITALIANI TRIATHLON CROSS - CAPOLIVERI | 01-05-2026 | Capoliveri (Livorno) | Toscana | CAMPIONATI ITALIANI TRIATHLON CROSS - CAPOLIVERI | https://www.myfitri.it/calendario/evento/113900
CAMPIONATO ITALIANO DUATHLON CROSS | 08-03-2026 | Spresiano (Treviso) | Veneto | CAMPIONATO ITALIANO DUATHLON CROSS JUNIOR - YOUTH B - YOUTH A | https://www.myfitri.it/calendario/evento/113808
CAMPIONATO ITALIANO DUATHLON CROSS | 08-03-2026 | Spresiano (Treviso) | Veneto | CAMPIONATO ITALIANO DUATHLON CROSS | https://www.myfitri.it/calendario/evento/113808
CAMPIONATO ITALIANO DUATHLON SPRINT ASSOLUTO / AGE GROUP / PARADUATHLON / COPPA CRONO | 21-03-2026 | Imola (Bologna) | Emilia-Romagna | CAMPIONATO ITALIANO DUATHLON SPRINT AGE GROUP - L'emozione di correre in pista - 8° EDIZIONE | https://www.myfitri.it/calendario/evento/113805
CAMPIONATO ITALIANO DUATHLON SPRINT ASSOLUTO / AGE GROUP / PARADUATHLON / COPPA CRONO | 21-03-2026 | Imola (Bologna) | Emilia-Romagna | CAMPIONATO ITALIANO DUATHLON SPRINT INDIVIDUALE ASSOLUTO - L'emozione di correre in pista - 8° Edizione | https://www.myfitri.it/calendario/evento/113805
CAMPIONATO ITALIANO DUATHLON SPRINT ASSOLUTO / AGE GROUP / PARADUATHLON / COPPA CRONO | 22-03-2026 | Imola (Bologna) | Emilia-Romagna | CAMPIONATO ITALIANO COPPA CRONO DUATHLON - L'emozione di correre in pista | https://www.myfitri.it/calendario/evento/113805
CAMPIONATO ITALIANO DUATHLON SPRINT ASSOLUTO / AGE GROUP / PARADUATHLON / COPPA CRONO | 22-03-2026 | Imola (Bologna) | Emilia-Romagna | CAMPIONATO ITALIANO DUATHLON A STAFFETTA 2+2 | https://www.myfitri.it/calendario/evento/113805
CAMPIONATO ITALIANO DUATHLON SPRINT ASSOLUTO / AGE GROUP / PARADUATHLON / COPPA CRONO | 22-03-2026 | Imola (Bologna) | Emilia-Romagna | CAMPIONATO ITALIANO PARADUATHLON - L'emozione di correre in pista | https://www.myfitri.it/calendario/evento/113805
CAMPIONATO ITALIANO DUATHLON SPRINT ASSOLUTO / AGE GROUP / PARADUATHLON / COPPA CRONO | 22-03-2026 | Imola (Bologna) | Emilia-Romagna | DUATHLON SPRINT DI IMOLA - L'emozione di correre in pista - 8° EDIZIONE - GARA BRONZE | https://www.myfitri.it/calendario/evento/113805
CHALLENGE CESENATICO 2026 | 09-05-2026 | Cesenatico (Forlì) | Emilia-Romagna | CHALLENGE CESENATICO SPRINT DISTANCE | https://www.myfitri.it/calendario/evento/113816
CHALLENGE CESENATICO 2026 | 09-05-2026 | Cesenatico (Forlì) | Emilia-Romagna | DUATHLON KIDS CHALLENGE CESENATICO | https://www.myfitri.it/calendario/evento/113816
CHALLENGE CESENATICO 2026 | 09-05-2026 | Cesenatico (Forlì) | Emilia-Romagna | DUATHLON YOUTH CHALLENGE CESENATICO | https://www.myfitri.it/calendario/evento/113816
CHALLENGE CESENATICO 2026 | 10-05-2026 | Cesenatico (Forlì) | Emilia-Romagna | CHALLENGE CESENATICO 2026 | https://www.myfitri.it/calendario/evento/113816
CHALLENGE CESENATICO 2026 | 10-05-2026 | Cesenatico (Forlì) | Emilia-Romagna | SWIM BIKE _ CHALLENGE CESENATICO 2026 | https://www.myfitri.it/calendario/evento/113816
CHALLENGE FORTE VILLAGE SARDINIA | 24-10-2026 | Pula (Cagliari) | Sardegna | Challenge Forte Village Sardinia - Sprint distance | https://www.myfitri.it/calendario/evento/113947
CHALLENGE FORTE VILLAGE SARDINIA | 25-10-2026 | Pula (Cagliari) | Sardegna | Challenge Forte Village Sardinia - Middle Distance | https://www.myfitri.it/calendario/evento/113947
CIRCUITO LE 5 PROVINCE - PRIMA TAPPA | 08-03-2026 | Casal Velino (Salerno) | Campania | CIRCUITO LE 5 PROVINCE - PRIMA TAPPA | https://www.myfitri.it/calendario/evento/113860
Campionati Italiani Triathlon Olimpico Alba Adriatica | 05-09-2026 | Alba Adriatica (Teramo) | Abruzzo | Campionati Italiani Triathlon Olimpico Elite | https://www.myfitri.it/calendario/evento/113871
Campionati Italiani Triathlon Olimpico Alba Adriatica | 06-09-2026 | Alba Adriatica (Teramo) | Abruzzo | Campionati Italiani Triathlon Olimpico Age Group | https://www.myfitri.it/calendario/evento/113871
Campionati Italiani Triathlon Superlungo + ADRIATIC SERIES Triathlon Medio e AS40 | 18-10-2026 | Ischitella (Foggia) | Puglia | ADRIATIC SERIES Lake Varano AS40 NO DRAFT | https://www.myfitri.it/calendario/evento/113884
Campionati Italiani Triathlon Superlungo + ADRIATIC SERIES Triathlon Medio e AS40 | 18-10-2026 | Ischitella (Foggia) | Puglia | ADRIATIC SERIES Triathlon Medio Lake Varano 113 | https://www.myfitri.it/calendario/evento/113884
Campionati Italiani Triathlon Superlungo + ADRIATIC SERIES Triathlon Medio e AS40 | 18-10-2026 | Ischitella (Foggia) | Puglia | CAMPIONATO ITALIANO Triathlon Super Lungo Age Group | https://www.myfitri.it/calendario/evento/113884
Campionati Italiani di Duathlon Classico no draft - assoluti - di categoria - elite e age group | 12-04-2026 | Pontoglio (Brescia) | Lombardia | Campionati Italiani di Duathlon Classico no draft - assoluti - di categoria - elite - age group | https://www.myfitri.it/calendario/evento/113806
Campionato Italiano Aquathlon Coppa Italia e Trofeo Sviluppo Triathlon | 06-06-2026 | Porto Sant'Elpidio (Fermo) | Marche | Campionati Italiani Aquathlon Giovani - Categoria Youth A | https://www.myfitri.it/calendario/evento/113850
Campionato Italiano Aquathlon Coppa Italia e Trofeo Sviluppo Triathlon | 06-06-2026 | Porto Sant'Elpidio (Fermo) | Marche | Campionati Italiani Aquathlon Giovani - Categoria Youth B | https://www.myfitri.it/calendario/evento/113850
Campionato Italiano Aquathlon Coppa Italia e Trofeo Sviluppo Triathlon | 06-06-2026 | Porto Sant'Elpidio (Fermo) | Marche | Campionati Italiani Aquathlon Giovani Junior | https://www.myfitri.it/calendario/evento/113850
Campionato Italiano Aquathlon Coppa Italia e Trofeo Sviluppo Triathlon | 06-06-2026 | Porto Sant'Elpidio (Fermo) | Marche | Trofeo Sviluppo Giovanissimi Aquathlon Categoria Esordienti | https://www.myfitri.it/calendario/evento/113850
Campionato Italiano Aquathlon Coppa Italia e Trofeo Sviluppo Triathlon | 06-06-2026 | Porto Sant'Elpidio (Fermo) | Marche | Trofeo Sviluppo Giovanissimi Aquathlon Categoria Ragazzi | https://www.myfitri.it/calendario/evento/113850
Campionato Italiano Aquathlon Coppa Italia e Trofeo Sviluppo Triathlon | 07-06-2026 | Porto Sant'Elpidio (Fermo) | Marche | Prova di Coppa Italia Categorie Junior - Youth A e Youth B | https://www.myfitri.it/calendario/evento/113850
Campionato Italiano Aquathlon Coppa Italia e Trofeo Sviluppo Triathlon | 07-06-2026 | Porto Sant'Elpidio (Fermo) | Marche | Trofeo Sviluppo Giovanissimi Triathlon Categoria Ragazzi | https://www.myfitri.it/calendario/evento/113850
Challenge Sanremo | 04-10-2026 | Sanremo (Imperia) | Liguria | Challenge Sanremo - Middle Distance - Memorial Marco Gavino e Memorial Ulrike Watchler | https://www.myfitri.it/calendario/evento/113889
Challenge Sanremo | 04-10-2026 | Sanremo (Imperia) | Liguria | Challenge Sanremo - Sprint Distance - Trofeo Daniele Rambaldi | https://www.myfitri.it/calendario/evento/113889
ChiaTRI - FollowYourPassion | 01-05-2026 | Domus de Maria (Carbonia) | Sardegna | ChiaTRI - Olimpico No-Draft | https://www.myfitri.it/calendario/evento/113946
ChiaTRI - FollowYourPassion | 01-05-2026 | Domus de Maria (Carbonia) | Sardegna | ChiaTRI - Sprint No-Draft | https://www.myfitri.it/calendario/evento/113946
ChiaTRI - FollowYourPassion | 01-05-2026 | Domus de Maria (Carbonia) | Sardegna | ChiaTrI - Medio | https://www.myfitri.it/calendario/evento/113946
DE SORTIS ARGONAUTI TRI | 19-04-2026 | Pisticci (Matera) | Basilicata | DE SORTIS ARGONAUTI TRI OLIMPICO GOLD NO DRAFT | https://www.myfitri.it/calendario/evento/113886
DE SORTIS ARGONAUTI TRI | 19-04-2026 | Pisticci (Matera) | Basilicata | DE SORTIS ARGONAUTI TRI SPRINT SILVER NO DRAFT | https://www.myfitri.it/calendario/evento/113886
DUATHLON CITTA DEI SASSI GARA YOUTH | 11-10-2026 | Matera (Matera) | Basilicata | DUATHLON CITTA' DEI SASSI GARA YOUTH | https://www.myfitri.it/calendario/evento/113829
DUATHLON CITTA DEI SASSI GARA YOUTH | 11-10-2026 | Matera (Matera) | Basilicata | DUATHLON CITTA' DEI SASSI- MINIDUATHLON KIDS | https://www.myfitri.it/calendario/evento/113829
DUATHLON CITTA DEI SASSI GARA YOUTH | 11-10-2026 | Matera (Matera) | Basilicata | DUATHLON CITTA' DEI SASSI-GARA KIDS | https://www.myfitri.it/calendario/evento/113829
DUATHLON CITTA’ DEI SASSI | 11-10-2026 | Matera (Matera) | Basilicata | DUATHLON CITTA' DEI SASSI | https://www.myfitri.it/calendario/evento/113826
DUATHLON DEI TRULLI | 25-10-2026 | Alberobello (Bari) | Puglia | DUATHLON DEI TRULLI | https://www.myfitri.it/calendario/evento/113830
DUATHLON DELL'ECOLOGIA | 29-03-2026 | Viterbo (Viterbo) | Lazio | DUATHLON DELL'ECOLOGIA | https://www.myfitri.it/calendario/evento/113809
DUATHLON NETIUM | 01-03-2026 | Binetto (Bari) | Puglia | DUATHLON NETIUM | https://www.myfitri.it/calendario/evento/113804
DUATHLON NETIUM | 01-03-2026 | Binetto (Bari) | Puglia | DUATHLON NETIUM- Sprint | https://www.myfitri.it/calendario/evento/113804
DUATHLON SAN DAMIANO | 15-03-2026 | San Giorgio Piacentino (Piacenza) | Emilia-Romagna | DUATHLON SAN DAMIANO | https://www.myfitri.it/calendario/evento/113807
DUATHLON SPRINT - SPORT IN FESTA 2026 | 21-06-2026 | Cesate (Milano) | Lombardia | DUATHLON SPRINT CESATE 2026 | https://www.myfitri.it/calendario/evento/113833
DUATHLON SPRINT DI BARZANO' | 22-02-2026 | Barzanò (Lecco) | Lombardia | DUATHLON SPRINT DI BARZANO'- Circuito Duathlon | https://www.myfitri.it/calendario/evento/113811
DUATHLON SPRINT DI PUNTA SECCA | 28-03-2026 | Santa Croce Camerina (Ragusa) | Sicilia | DUATHLON DISTANZA YOUTH | https://www.myfitri.it/calendario/evento/113835
DUATHLON SPRINT DI PUNTA SECCA | 28-03-2026 | Santa Croce Camerina (Ragusa) | Sicilia | DUATHLON KIDS | https://www.myfitri.it/calendario/evento/113835
DUATHLON SPRINT DI PUNTA SECCA | 29-03-2026 | Santa Croce Camerina (Ragusa) | Sicilia | DUATHLON SPRINT DI PUNTA SECCA | https://www.myfitri.it/calendario/evento/113835
DUATHLON SPRINT di FORLÌ | 01-03-2026 | Forlì (Forlì) | Emilia-Romagna | Duathlon di Forlì Youth | https://www.myfitri.it/calendario/evento/113820
DUATHLON SPRINT di FORLÌ | 01-03-2026 | Forlì (Forlì) | Emilia-Romagna | Duathlon di Forlì kids | https://www.myfitri.it/calendario/evento/113820
DUATHLON SPRINT di FORLÌ | 01-03-2026 | Forlì (Forlì) | Emilia-Romagna | OVERCOME EVENTS: DUATHLON SPRINT Città di FORLI | https://www.myfitri.it/calendario/evento/113820
Diamond Tri & grandatriathlon 20°triathlon Sprint  del Roero | 02-06-2026 | Sommariva Perno (Cuneo) | Piemonte | Diamond Tri & granda Triathlon event : 20° Triathlon del Roero Triathlon Sprint | https://www.myfitri.it/calendario/evento/113955
Duathlon Sprint Città di Santena | 29-03-2026 | Santena (Torino) | Piemonte | Duathlon Sprint Città di Santena | https://www.myfitri.it/calendario/evento/113825
EAGLEXMAN, EAGLEXMAN 113, EAGLEXMAN SHORT | 18-07-2026 | L'Aquila (L'Aquila) | Abruzzo | EagleXman Extreme Triathlon Medio Abruzzo ITALY | https://www.myfitri.it/calendario/evento/113934
EAGLEXMAN, EAGLEXMAN 113, EAGLEXMAN SHORT | 18-07-2026 | L'Aquila (L'Aquila) | Abruzzo | EagleXman Extreme Triathlon Olimpico Abruzzo ITALY | https://www.myfitri.it/calendario/evento/113934
EAGLEXMAN, EAGLEXMAN 113, EAGLEXMAN SHORT | 18-07-2026 | L'Aquila (L'Aquila) | Abruzzo | EagleXman Extreme Triathlon Super Lungo Abruzzo ITALY | https://www.myfitri.it/calendario/evento/113934
ELBA WEEKEND TRI | 18-04-2026 | Marciana (Livorno) | Toscana | ELBA WEEK END - TRIATHLON OLIMPICO Marciana | https://www.myfitri.it/calendario/evento/113887
ELBA WEEKEND TRI | 19-04-2026 | Marciana (Livorno) | Toscana | ELBA WEEK END - TRIATHLON SPRINT Marciana Marina | https://www.myfitri.it/calendario/evento/113887
EUROPE TRIATHLON JUNIOR CUP | 08-05-2026 | Caorle (Venezia) | Veneto | EUROPE TRIATHLON JUNIOR CUP 2026 QUALIFICA | https://www.myfitri.it/calendario/evento/113905
EUROPE TRIATHLON JUNIOR CUP | 09-05-2026 | Caorle (Venezia) | Veneto | EUROPE TRIATHLON JUNIOR TEAM RELAY 2026 | https://www.myfitri.it/calendario/evento/113905
EUROPEAN TRIATHLON CUP CAORLE | 09-05-2026 | Caorle (Venezia) | Veneto | EUROPE TRIATHLON CUP 2026 | https://www.myfitri.it/calendario/evento/113906
FESTA LAZIOTRI - Duathlon  promozionale | 15-03-2026 | Roma (Roma) | Lazio | FESTA LAZIOTRI - Duathlon promozionale KIDS | https://www.myfitri.it/calendario/evento/113839
FESTA LAZIOTRI - Duathlon  promozionale | 15-03-2026 | Roma (Roma) | Lazio | FESTA LAZIOTRI - Duathlon promozionale Youth | https://www.myfitri.it/calendario/evento/113839
FITCENTER TRIATHLON SPRINT BISCEGLIE 2026 | 17-05-2026 | Bisceglie (Barletta) | Puglia | FITCENTER TRIATHLON SPRINT BISCEGLIE 2025 | https://www.myfitri.it/calendario/evento/113954
FREESTYLE CAMPIONATO REGIONALE DUATHLON di categoria | 15-03-2026 | Ponte Buggianese (Pistoia) | Toscana | FREESTYLE CIRCUIT DUATHLON | https://www.myfitri.it/calendario/evento/113828
Finale di Coppa Italia e Circuito U23 NG | 12-09-2026 | Montesilvano (Pescara) | Abruzzo | Semifinale 1 Coppa Italia JU/YB/YA | https://www.myfitri.it/calendario/evento/113881
Finale di Coppa Italia e Circuito U23 NG | 12-09-2026 | Montesilvano (Pescara) | Abruzzo | Semifinale 2 Coppa Italia JU/YB/YA | https://www.myfitri.it/calendario/evento/113881
Finale di Coppa Italia e Circuito U23 NG | 13-09-2026 | Montesilvano (Pescara) | Abruzzo | Finali coppa Italia | https://www.myfitri.it/calendario/evento/113881
GRADO OLYMPIC TRIATHLON | 29-08-2026 | Grado (Gorizia) | Friuli-Venezia Giulia | GRADO OLYMPIC TRIATHLON | https://www.myfitri.it/calendario/evento/113921
Gallipoli Olympic Triwave Caroli Edition | 03-05-2026 | Gallipoli (Lecce) | Puglia | Gallipoli Olympic Triwave Caroli Edition | https://www.myfitri.it/calendario/evento/113939
Gargano Triathlon Sprint | 10-05-2026 | Manfredonia (Foggia) | Puglia | Gargano Triathlon Sprint | https://www.myfitri.it/calendario/evento/113961
Gran Paradiso Winter Triathlon | 24-01-2026 | Cogne (Aosta) | Valle d'Aosta/Vallée d'Aoste | Gran Paradiso Winter Triathlon Campionato Italiano Giovanile (Youth A, Youth B, Junior) | https://www.myfitri.it/calendario/evento/113843
Gran Paradiso Winter Triathlon | 24-01-2026 | Cogne (Aosta) | Valle d'Aosta/Vallée d'Aoste | Gran Paradiso Winter Triathlon Gara Giovanissimi | https://www.myfitri.it/calendario/evento/113843
Gran Paradiso Winter Triathlon | 25-01-2026 | Cogne (Aosta) | Valle d'Aosta/Vallée d'Aoste | Gran Paradiso Winter Triathlon Campionato Italiano Assoluto e di Categoria | https://www.myfitri.it/calendario/evento/113843
III° TRI GOLD CARACCIOLO 2026 | 07-11-2026 | Napoli (Napoli) | Campania | Aquathlon CARACCIOLO 2026 | https://www.myfitri.it/calendario/evento/113856
III° TRI GOLD CARACCIOLO 2026 | 08-11-2026 | Napoli (Napoli) | Campania | III° TRI  CARACCIOLO 2026 | https://www.myfitri.it/calendario/evento/113856
II° NEAPOLIS AQUATHLON | 27-06-2026 | Napoli (Napoli) | Campania | TAPPA MACROAREA SUD | https://www.myfitri.it/calendario/evento/113845
II° NEAPOLIS AQUATHLON | 28-06-2026 | Napoli (Napoli) | Campania | CAMPIONATO ITALIANO AQUATHLON | https://www.myfitri.it/calendario/evento/113845
IRON ISLAND  Half Triathlon - Triathlon Olimpico NO DRAFT | 26-04-2026 | Ragusa (Ragusa) | Sicilia | IRON ISLAND  half triathlon Staffetta | https://www.myfitri.it/calendario/evento/113922
IRON ISLAND  Half Triathlon - Triathlon Olimpico NO DRAFT | 26-04-2026 | Ragusa (Ragusa) | Sicilia | IRON ISLAND  half triathlon | https://www.myfitri.it/calendario/evento/113922
IRON ISLAND  Half Triathlon - Triathlon Olimpico NO DRAFT | 26-04-2026 | Ragusa (Ragusa) | Sicilia | IRON ISLAND  triathlon olimpico no draft | https://www.myfitri.it/calendario/evento/113922
IRON ISLAND  Half Triathlon - Triathlon Olimpico NO DRAFT | 26-04-2026 | Ragusa (Ragusa) | Sicilia | ironisland triathlon olimpico no draft | https://www.myfitri.it/calendario/evento/113922
IRON TOUR ROAD | 13-05-2026 | Capoliveri (Livorno) | Toscana | TRITHLON SPRINT DI LACONA | https://www.myfitri.it/calendario/evento/113901
IRON TOUR ROAD | 14-05-2026 | Capoliveri (Livorno) | Toscana | TRIATHLON SPRINT DI CAVO DI RIO | https://www.myfitri.it/calendario/evento/113901
IRON TOUR ROAD | 15-05-2026 | Capoliveri (Livorno) | Toscana | TRIATHLON SPRINT DI BAGNAIA DI RIO | https://www.myfitri.it/calendario/evento/113901
IRON TOUR ROAD | 16-05-2026 | Capoliveri (Livorno) | Toscana | TRIATHLON SPRINT DI PORTOFERRAIO | https://www.myfitri.it/calendario/evento/113901
IRON TOUR ROAD | 17-05-2026 | Capoliveri (Livorno) | Toscana | TRIATHLON SPRINT DI PARETI DI CAPOLIVERI | https://www.myfitri.it/calendario/evento/113901
IRONLAKE Mugello - Campionato Italiano Triathlon Medio | 02-06-2026 | Barberino di Mugello (Firenze) | Toscana | IRONLAKE Mugello - Campionato Italiano Triathlon Medio | https://www.myfitri.it/calendario/evento/113885
IRONMAN ITALY EMILIA ROMAGNA 2026 | 19-09-2026 | Cervia (Ravenna) | Emilia-Romagna | IRONMAN ITALY EMILIA ROMAGNA - FULL | https://www.myfitri.it/calendario/evento/113877
IRONMAN ITALY EMILIA ROMAGNA 2026 | 20-09-2026 | Cervia (Ravenna) | Emilia-Romagna | IRONMAN ITALY EMILIA ROMAGNA  51.50 | https://www.myfitri.it/calendario/evento/113877
IRONMAN ITALY EMILIA ROMAGNA 2026 | 20-09-2026 | Cervia (Ravenna) | Emilia-Romagna | IRONMAN ITALY EMILIA ROMAGNA - 70.3 | https://www.myfitri.it/calendario/evento/113877
IX Duathlon Sprint Città di Foligno - Memorial Danilo Pascucci - Duathlon Youth - Duathlon Kids | 08-03-2026 | Foligno (Perugia) | Umbria | Duathlon Kids | https://www.myfitri.it/calendario/evento/113819
IX Duathlon Sprint Città di Foligno - Memorial Danilo Pascucci - Duathlon Youth - Duathlon Kids | 08-03-2026 | Foligno (Perugia) | Umbria | IX Duathlon Città di Foligno - Memorial Danilo Pascucci | https://www.myfitri.it/calendario/evento/113819
Irondelta 2026 | 19-09-2026 | Comacchio (Ferrara) | Emilia-Romagna | Irondelta 2026 | https://www.myfitri.it/calendario/evento/113930
Ironman 70.3 Alghero | 07-06-2026 | Alghero (Sassari) | Sardegna | Ironman Alghero 70.3 | https://www.myfitri.it/calendario/evento/113894
LEDROMAN HARDSKIN TRIATHLON SPRINT | 12-07-2026 | Ledro (Trento) | Trentino-Alto Adige/Südtirol | LEDROMAN HARDSKIN TRIATHLON SPRINT | https://www.myfitri.it/calendario/evento/113923
LIGNANO OLYMPIC & SPRINT TRIATHLON | 10-10-2026 | Lignano Sabbiadoro (Udine) | Friuli-Venezia Giulia | LIGNANO OLYMPIC TRIATHLON | https://www.myfitri.it/calendario/evento/113863
LIGNANO OLYMPIC & SPRINT TRIATHLON | 11-10-2026 | Lignano Sabbiadoro (Udine) | Friuli-Venezia Giulia | LIGNANO SPRINT TRIATHLON | https://www.myfitri.it/calendario/evento/113863
Latina Triathlon Sprint  VII Edizione  "Memorial Federico Salvagni" | 10-05-2026 | Latina (Latina) | Lazio | Latina Triathlon Sprint VII edizione | https://www.myfitri.it/calendario/evento/113896
Lavarone Triathlon Cross | 29-08-2026 | Lavarone (Trento) | Trentino-Alto Adige/Südtirol | C.I giovanile Triathlon cross | https://www.myfitri.it/calendario/evento/113867
Lavarone Triathlon Cross | 29-08-2026 | Lavarone (Trento) | Trentino-Alto Adige/Südtirol | Lavarone Triathlon Cross | https://www.myfitri.it/calendario/evento/113867
LovereTRI - FollowYourPassion | 28-06-2026 | Lovere (Bergamo) | Lombardia | LovereTRI - Medio | https://www.myfitri.it/calendario/evento/113890
Lykos for Others | 30-05-2026 | Pisogne (Brescia) | Lombardia | LYKOS FOR OTHERS 2026 - Memorial Luciano Bertagna | https://www.myfitri.it/calendario/evento/113852
Lykos for Others | 31-05-2026 | Pisogne (Brescia) | Lombardia | CAMPIONATO ITALIANO PARAQUATHLON 2026 | https://www.myfitri.it/calendario/evento/113852
ME.PA.  DUATHLON CROSS DELLA BRIANZA  - TRIUGGIO | 25-10-2026 | Triuggio (Monza) | Lombardia | ME.PA. DUATHLON CROSS DELLA BRIANZA - TRIUGGIO | https://www.myfitri.it/calendario/evento/113813
MILANO DEEJAY TRI | 20-06-2026 | Segrate (Milano) | Lombardia | MILANO DEEJAY TRI - OLIMPICO GOLD | https://www.myfitri.it/calendario/evento/113882
MILANO DEEJAY TRI | 21-06-2026 | Segrate (Milano) | Lombardia | MILANO DEEJAY TRI - KIDS | https://www.myfitri.it/calendario/evento/113882
MILANO DEEJAY TRI | 21-06-2026 | Segrate (Milano) | Lombardia | MILANO DEEJAY TRI - SPRINT GOLD | https://www.myfitri.it/calendario/evento/113882
MILANO DEEJAY TRI | 21-06-2026 | Segrate (Milano) | Lombardia | MILANO DEEJAY TRI - SUPERSPRINT YOUTH A | https://www.myfitri.it/calendario/evento/113882
MONDELLO CUP 10 | 09-05-2026 | Palermo (Palermo) | Sicilia | Aquathlon Mondello Kids | https://www.myfitri.it/calendario/evento/113854
MONDELLO CUP 10 | 09-05-2026 | Palermo (Palermo) | Sicilia | Aquathlon Mondello Youth | https://www.myfitri.it/calendario/evento/113854
MONDELLO CUP 10 | 10-05-2026 | Palermo (Palermo) | Sicilia | MONDELLO CUP 10 | https://www.myfitri.it/calendario/evento/113854
Mandello: triathlon cross + aquathlon | 13-06-2026 | Mandello del Lario (Lecco) | Lombardia | seconda edizione Triathlon CROSS | https://www.myfitri.it/calendario/evento/113859
Mandello: triathlon cross + aquathlon | 14-06-2026 | Mandello del Lario (Lecco) | Lombardia | AQUATHLON GIOVANILE: campionato regionale Lombardo | https://www.myfitri.it/calendario/evento/113859
Mandello: triathlon cross + aquathlon | 14-06-2026 | Mandello del Lario (Lecco) | Lombardia | AQUATHLON terza edizione | https://www.myfitri.it/calendario/evento/113859
Mangia's Triathlon Sicily | 11-04-2026 | Sciacca (Agrigento) | Sicilia | MANGIA'S DUATHLON KIDS - YOUTH | https://www.myfitri.it/calendario/evento/113824
Mangia's Triathlon Sicily | 12-04-2026 | Sciacca (Agrigento) | Sicilia | MANGIA'S TRIATHLON SICILY | https://www.myfitri.it/calendario/evento/113824
MilanoTRI - FollowYourPassion | 18-04-2026 | Segrate (Milano) | Lombardia | MilanoTRI - Olimpico | https://www.myfitri.it/calendario/evento/113891
MilanoTRI - FollowYourPassion | 18-04-2026 | Segrate (Milano) | Lombardia | MilanoTRI - Sprint | https://www.myfitri.it/calendario/evento/113891
NIGHTRI | 18-07-2026 | Torino (Torino) | Piemonte | NIGHTRI | https://www.myfitri.it/calendario/evento/113931
NIGHTRI | 19-07-2026 | Torino (Torino) | Piemonte | NIGHTRI | https://www.myfitri.it/calendario/evento/113931
OVERCOME EVENTS: 3° DUATHLON KIDS + GIOVANI CASTELBOILOGNESE | 12-04-2026 | Castel Bolognese (Ravenna) | Emilia-Romagna | OVERCOME EVENTS: 3° DUATHLON KIDS + GIOVANI CASTELBOLOGNESE | https://www.myfitri.it/calendario/evento/113838
OVERCOME EVENTS: 3° DUATHLON KIDS E GIOVANI CASTELBOLOGNESE | 12-04-2026 | Castel Bolognese (Ravenna) | Emilia-Romagna | OVERCOME EVENTS: 3° DUATHLON KIDS + GIOVANILE CASTELBOLOGNESE | https://www.myfitri.it/calendario/evento/113837
PeschieraTRI - FollowYourPassion | 03-10-2026 | Peschiera del Garda (Verona) | Veneto | PeschieraTRI - Medio | https://www.myfitri.it/calendario/evento/113942
PeschieraTRI - FollowYourPassion | 03-10-2026 | Peschiera del Garda (Verona) | Veneto | PeschieraTRI - Olimpico No Draft | https://www.myfitri.it/calendario/evento/113942
PeschieraTRI - FollowYourPassion | 04-10-2026 | Peschiera del Garda (Verona) | Veneto | PeschieraTRI - Sprint | https://www.myfitri.it/calendario/evento/113942
REVINE LAGO TRI | 21-06-2026 | Revine Lago (Treviso) | Veneto | TRIATHLON DI REVINE LAGO MINI | https://www.myfitri.it/calendario/evento/113959
REVINE LAGO TRI | 21-06-2026 | Revine Lago (Treviso) | Veneto | TRIATHLON KIDS DI REVINE LAGO | https://www.myfitri.it/calendario/evento/113959
REVINE LAGO TRI | 21-06-2026 | Revine Lago (Treviso) | Veneto | TRIATHLON SPRINT DI REVINE LAGO | https://www.myfitri.it/calendario/evento/113959
Sabaudia Duathlon di Carnevale  VII edizione | 22-02-2026 | Sabaudia (Latina) | Lazio | Duathlon KIDS Sabaudia | https://www.myfitri.it/calendario/evento/113817
Sabaudia Duathlon di Carnevale  VII edizione | 22-02-2026 | Sabaudia (Latina) | Lazio | Sabaudia Duathlon di Carnevale | https://www.myfitri.it/calendario/evento/113817
Sabaudia Triathlon Olimpico XIII edizione "Memorial Riccardo Giorgi e Simone Besco" | 26-04-2026 | Sabaudia (Latina) | Lazio | Sabaudia Triathlon Olimpico XIII edizione | https://www.myfitri.it/calendario/evento/113897
Sabaudia Triathlon Sprint VII edizione | 25-10-2026 | Sabaudia (Latina) | Lazio | Sabaudia Triathlon Sprint VII edizione | https://www.myfitri.it/calendario/evento/113898
Santa Marinella Triathlon Sprint | 12-04-2026 | Santa Marinella (Roma) | Lazio | Santa Marinella Triathlon Sprint new edition | https://www.myfitri.it/calendario/evento/113913
TIVAN TRI  TRIATHLON SPRINT | 14-06-2026 | Gravedona ed Uniti (Como) | Lombardia | TIVAN TRI | https://www.myfitri.it/calendario/evento/113956
TRANI TRIATHLON OLIMPICO 8^ EDIZIONE - CAMPIONATO ITALIANO INTERFORZE | 31-05-2026 | Trani (Barletta) | Puglia | TRANI TRIATHLON OLIMPICO 8^ EDIZIONE - CAMPIONATO ITALIANO INTERFORZE OLIMPICO | https://www.myfitri.it/calendario/evento/113953
TRI EVENT CAMPIONATI ITALIANI TRIATHLON SPRINT ELITE, AGE GROUP, MIXED RELAY E COPPA CRONO | 26-09-2026 | Cervia (Ravenna) | Emilia-Romagna | TRI EVENT Campionati Italiani di Triathlon Sprint Age Group | https://www.myfitri.it/calendario/evento/113866
TRI EVENT CAMPIONATI ITALIANI TRIATHLON SPRINT ELITE, AGE GROUP, MIXED RELAY E COPPA CRONO | 26-09-2026 | Cervia (Ravenna) | Emilia-Romagna | TRI EVENT Campionati Italiani di Triathlon Sprint Elite | https://www.myfitri.it/calendario/evento/113866
TRI EVENT CAMPIONATI ITALIANI TRIATHLON SPRINT ELITE, AGE GROUP, MIXED RELAY E COPPA CRONO | 27-09-2026 | Cervia (Ravenna) | Emilia-Romagna | TRI EVENT Campionati Italiani di Triathlon Sprint Coppa Crono | https://www.myfitri.it/calendario/evento/113866
TRI EVENT CAMPIONATI ITALIANI TRIATHLON SPRINT ELITE, AGE GROUP, MIXED RELAY E COPPA CRONO | 27-09-2026 | Cervia (Ravenna) | Emilia-Romagna | TRI EVENT Campionati Italiani di Triathlon Sprint Mixed Relay | https://www.myfitri.it/calendario/evento/113866
TRIATHLON CITTA’ DI CAGLIARI - CAMPIONATO ITALIANO INTERFORZE TRIATHLON SPRINT | 16-05-2026 | Cagliari (Cagliari) | Sardegna | TRIATHLON CITTA’ DI CAGLIARI | https://www.myfitri.it/calendario/evento/113950
TRIATHLON CITTA’ DI CAGLIARI - CAMPIONATO ITALIANO INTERFORZE TRIATHLON SPRINT | 17-05-2026 | Cagliari (Cagliari) | Sardegna | TRIATHLON CITTA’ DI CAGLIARI - CAMPIONATO ITALIANO INTERFORZE TRIATHLON SPRINT | https://www.myfitri.it/calendario/evento/113950
TRIATHLON DEI DUE MARI | 30-08-2026 | Reggio di Calabria (Reggio di Calabria) | Calabria | TRTIATHLON DEI DUE MARI | https://www.myfitri.it/calendario/evento/113952
TRIATHLON DELLA TUSCIA | 13-09-2026 | Montefiascone (Viterbo) | Lazio | TRIATHLON DELLA TUSCIA | https://www.myfitri.it/calendario/evento/113912
TRIATHLON MARCONI | 21-06-2026 | Sasso Marconi (Bologna) | Emilia-Romagna | TRIATHLON MARCONI | https://www.myfitri.it/calendario/evento/113958
TRIATHLON OLIMPICO CITTA' DI PALERMO | 08-11-2026 | Palermo (Palermo) | Sicilia | TRIATHLON OLIMPICO CITTA' DI PALERMO | https://www.myfitri.it/calendario/evento/113937
TRIATHLON OLIMPICO LAGO DI VICO | 20-06-2026 | Ronciglione (Viterbo) | Lazio | Triathlon Olimpico Lago di Vico | https://www.myfitri.it/calendario/evento/113917
TRIATHLON OLIMPICO NO DRAFT LAGO DI SUVIANA | 11-07-2026 | Camugnano (Bologna) | Emilia-Romagna | Triathlon Olimpico No Draft Lago di Suviana | https://www.myfitri.it/calendario/evento/113914
TRIATHLON OLIMPICO OSTIA 2026 | 11-10-2026 | Roma (Roma) | Lazio | TRIATHLON OLIMPICO OSTIA 2026 | https://www.myfitri.it/calendario/evento/113929
TRIATHLON RACE CITTA' DI PALMI | 04-10-2026 | Palmi (Reggio di Calabria) | Calabria | AQUATHLON CITTA' DI PALMI 2026 | https://www.myfitri.it/calendario/evento/113857
TRIATHLON RACE CITTA' DI PALMI | 04-10-2026 | Palmi (Reggio di Calabria) | Calabria | TRIATHLON RACE PALMI 2026 | https://www.myfitri.it/calendario/evento/113857
TRIATHLON SPRINT CITTA' DI NASO | 11-07-2026 | Naso (Messina) | Sicilia | TRIATHLON SPRINT CITTA' DI NASO | https://www.myfitri.it/calendario/evento/113938
TRIATHLON SPRINT CITTÀ DI BRESCIA- TROFEO PARCO DELLE CAVE (OPEN PVTI) | 30-08-2026 | Brescia (Brescia) | Lombardia | TRIATHLON SPRINT CITTA' DI BRESCIA- TROFEO PARCO DELLE CAVE (OPEN PVTI) | https://www.myfitri.it/calendario/evento/113936
TRIATHLON SPRINT DI MAZARA DEL VALLO 1.0 | 20-06-2026 | Mazara del Vallo (Trapani) | Sicilia | Triathlon Kids Mazara del Vallo | https://www.myfitri.it/calendario/evento/113949
TRIATHLON SPRINT DI MAZARA DEL VALLO 1.0 | 20-06-2026 | Mazara del Vallo (Trapani) | Sicilia | Triathlon Youth Mazara del Vallo | https://www.myfitri.it/calendario/evento/113949
TRIATHLON SPRINT DI MAZARA DEL VALLO 1.0 | 21-06-2026 | Mazara del Vallo (Trapani) | Sicilia | TRIATHLON SPRINT DI MAZARA DEL VALLO 1.0 | https://www.myfitri.it/calendario/evento/113949
TRIATHLON SPRINT NETIUM | 14-06-2026 | Giovinazzo (Bari) | Puglia | TRIATHLON SPRINT NETIUM | https://www.myfitri.it/calendario/evento/113873
TRIATHLON SPRINT NETIUM | 14-06-2026 | Giovinazzo (Bari) | Puglia | Triathlon Sprint Netium | https://www.myfitri.it/calendario/evento/113873
TriO Iseo | 05-09-2026 | Iseo (Brescia) | Lombardia | TriO Iseo - Olimpico Silver | https://www.myfitri.it/calendario/evento/113883
TriO Iseo | 06-09-2026 | Iseo (Brescia) | Lombardia | TriO Iseo - Sprint Silver | https://www.myfitri.it/calendario/evento/113883
Triathlon Cross Lavaredo | 12-07-2026 | Auronzo di Cadore (Belluno) | Veneto | Triathlon Cross- Circuito | https://www.myfitri.it/calendario/evento/113903
Triathlon Medio e Olimpico No-Draft città di Candia | 10-05-2026 | Candia Canavese (Torino) | Piemonte | TRIATHLON MEDIO CITTÀ DI CANDIA CANAVESE | https://www.myfitri.it/calendario/evento/113911
Triathlon Medio e Olimpico No-Draft città di Candia | 10-05-2026 | Candia Canavese (Torino) | Piemonte | TRIATHLON OLIMPICO NO-DRAFT CITTÀ DI CANDIA CANAVESE | https://www.myfitri.it/calendario/evento/113911
Triathlon Olimpico Internazionale della Versilia - V Trofeo "Città di Pietrasanta" | 18-10-2026 | Pietrasanta (Lucca) | Toscana | Triathlon Olimpico Internazionale della Versilia - V Trofeo | https://www.myfitri.it/calendario/evento/113869
Triathlon Sprint Altotevere | 03-05-2026 | San Giustino (Perugia) | Umbria | Triathlon Sprint Altotevere | https://www.myfitri.it/calendario/evento/113932
Triathlon Sprint dei Principi | 26-04-2026 | Fossano (Cuneo) | Piemonte | Triathlon Sprint dei Principi - Fossano (CN) | https://www.myfitri.it/calendario/evento/113940
Triathlon internazionale di Mergozzo | 13-09-2026 | Mergozzo (Verbania) | Piemonte | TRIATHLON INTERNAZIONALE DI MERGOZZO | https://www.myfitri.it/calendario/evento/113892
VENICE CAORLE TRI 2026 | 10-05-2026 | Caorle (Venezia) | Veneto | TRIATHLON OLIMPICO NO DRAFT SILVER CAORLE | https://www.myfitri.it/calendario/evento/113904
VENICE CAORLE TRI 2026 | 10-05-2026 | Caorle (Venezia) | Veneto | TRIATHLON SPRINT RANK SILVER CAORLE | https://www.myfitri.it/calendario/evento/113904
VENICE JESOLO IRONMAN 70.3 | 03-05-2026 | Jesolo (Venezia) | Veneto | VENICE JESOLO IRONMAN 70.3 | https://www.myfitri.it/calendario/evento/113878
VIII TRIATHLON LE BANDIE DEGLI EROI | 17-05-2026 | Spresiano (Treviso) | Veneto | VIII  MINITRIATHLON  GIOVANILE LE BANDIE DEGLI EROI | https://www.myfitri.it/calendario/evento/113879
VIII TRIATHLON LE BANDIE DEGLI EROI | 17-05-2026 | Spresiano (Treviso) | Veneto | VIII TRIATHLON KIDS LE BANDIE DEGLI EROI | https://www.myfitri.it/calendario/evento/113879
VIII TRIATHLON LE BANDIE DEGLI EROI | 17-05-2026 | Spresiano (Treviso) | Veneto | VIII TRIATHLON SPRINT LE BANDIE DEGLI EROI | https://www.myfitri.it/calendario/evento/113879
VIII TRIATHLON LE BANDIE DEGLI EROI | 17-05-2026 | Spresiano (Treviso) | Veneto | VIII TRIATHLON SUPER SPRINT LE BANDIE DEGLI EROI | https://www.myfitri.it/calendario/evento/113879
X TRIATHLON CITTA' DI SAVONA | 11-10-2026 | Savona (Savona) | Liguria | X Triathlon Città di Savona | https://www.myfitri.it/calendario/evento/113907
XTERRA EUROPEAN CHAMPIONSHIP | 20-06-2026 | Molveno (Trento) | Trentino-Alto Adige/Südtirol | XTERRA EUROPEAN CHAMPIONSHIP | https://www.myfitri.it/calendario/evento/113893
XX Olympic Triathlon Città di Recco | 12-07-2026 | Recco (Genova) | Liguria | XX Olympic Triathlon Città di Recco | https://www.myfitri.it/calendario/evento/113865
campionato italiano universitario campionato italiano paratriathlon | 16-05-2026 | Loano (Savona) | Liguria | triathlon Kids Loano | https://www.myfitri.it/calendario/evento/113880
campionato italiano universitario campionato italiano paratriathlon | 16-05-2026 | Loano (Savona) | Liguria | triathlon giovani nord-ovest Loano | https://www.myfitri.it/calendario/evento/113880
campionato italiano universitario campionato italiano paratriathlon | 17-05-2026 | Loano (Savona) | Liguria | 4_TRIATHLON SPRINT LOANO | https://www.myfitri.it/calendario/evento/113880
campionato italiano universitario campionato italiano paratriathlon | 17-05-2026 | Loano (Savona) | Liguria | cambionato italiano universitario in collaborazione con CUS PROPATRIA MILANO | https://www.myfitri.it/calendario/evento/113880
campionato italiano universitario campionato italiano paratriathlon | 17-05-2026 | Loano (Savona) | Liguria | campionato italiano paratriathlon | https://www.myfitri.it/calendario/evento/113880
